record_id,language,category,line_label,partition,analysis_eligible,text,source_url,source_locator
ECR-DREROS-1-WIKIPEDIA-174295509,ecr,secondary_reference,1,ecr,False,---rmaw|et|isalabre|komn,https://es.wikipedia.org/w/index.php?title=Idioma_eteocretense&oldid=174295509,HTML element #mwTA
ECR-DREROS-1-WIKIPEDIA-174295509,ecr,secondary_reference,2,ecr,False,---d|men|inai|isaluria|lmo,https://es.wikipedia.org/w/index.php?title=Idioma_eteocretense&oldid=174295509,HTML element #mwTg
ECR-DREROS-1-WIKIPEDIA-174295509,ecr,secondary_reference,3,grc,False,----tonturonmēa.oaoiewad,https://es.wikipedia.org/w/index.php?title=Idioma_eteocretense&oldid=174295509,HTML element #mwUw
ECR-DREROS-1-WIKIPEDIA-174295509,ecr,secondary_reference,4,grc,False,eturo---munadoa-enē--,https://es.wikipedia.org/w/index.php?title=Idioma_eteocretense&oldid=174295509,HTML element #mwVQ
ECR-DREROS-1-WIKIPEDIA-174295509,ecr,secondary_reference,5,grc,False,--matritaia--,https://es.wikipedia.org/w/index.php?title=Idioma_eteocretense&oldid=174295509,HTML element #mwVw
ECR-DREROS-2-WIKIPEDIA-174295509,ecr,secondary_reference,1,ecr,False,--S|TUPRMĒRIĒIA,https://es.wikipedia.org/w/index.php?title=Idioma_eteocretense&oldid=174295509,HTML element #mwiQ
ECR-DREROS-2-WIKIPEDIA-174295509,ecr,secondary_reference,2,grc,False,saidaperenorkioisi|a-- ,https://es.wikipedia.org/w/index.php?title=Idioma_eteocretense&oldid=174295509,HTML element #mwbw
ECR-DREROS-2-WIKIPEDIA-174295509,ecr,secondary_reference,3,grc,False,--kaθarongenoito,https://es.wikipedia.org/w/index.php?title=Idioma_eteocretense&oldid=174295509,HTML element #mwcQ
ECR-PRAISOS-1-WIKIPEDIA-174295509,ecr,secondary_reference,1,ecr,False,--nkalmitke,https://es.wikipedia.org/w/index.php?title=Idioma_eteocretense&oldid=174295509,HTML element #mwjw
ECR-PRAISOS-1-WIKIPEDIA-174295509,ecr,secondary_reference,2,ecr,False,os barze a-- o--,https://es.wikipedia.org/w/index.php?title=Idioma_eteocretense&oldid=174295509,HTML element #mwkQ
ECR-PRAISOS-1-WIKIPEDIA-174295509,ecr,secondary_reference,3,ecr,False,--ark-agset med-,https://es.wikipedia.org/w/index.php?title=Idioma_eteocretense&oldid=174295509,HTML element #mwkw
ECR-PRAISOS-1-WIKIPEDIA-174295509,ecr,secondary_reference,4,ecr,False,arkrkokles de---,https://es.wikipedia.org/w/index.php?title=Idioma_eteocretense&oldid=174295509,HTML element #mwlQ
ECR-PRAISOS-1-WIKIPEDIA-174295509,ecr,secondary_reference,5,ecr,False,--asegdnanit,https://es.wikipedia.org/w/index.php?title=Idioma_eteocretense&oldid=174295509,HTML element #mwlw
ECR-PRAISOS-2-WIKIPEDIA-174295509,ecr,secondary_reference,1,ecr,False,--onadesimetepimitsφa ,https://es.wikipedia.org/w/index.php?title=Idioma_eteocretense&oldid=174295509,HTML element #mwoQ
ECR-PRAISOS-2-WIKIPEDIA-174295509,ecr,secondary_reference,2,ecr,False,--do--iaralaφraisoiinai vac. ,https://es.wikipedia.org/w/index.php?title=Idioma_eteocretense&oldid=174295509,HTML element #mwow
ECR-PRAISOS-2-WIKIPEDIA-174295509,ecr,secondary_reference,3,ecr,False,--restnmtorasardoφsano ,https://es.wikipedia.org/w/index.php?title=Idioma_eteocretense&oldid=174295509,HTML element #mwpg
ECR-PRAISOS-2-WIKIPEDIA-174295509,ecr,secondary_reference,4,ecr,False,--satoissteφ-satiun vac. ,https://es.wikipedia.org/w/index.php?title=Idioma_eteocretense&oldid=174295509,HTML element #mwqA
ECR-PRAISOS-2-WIKIPEDIA-174295509,ecr,secondary_reference,5,ecr,False,-animestepaluneutat vac. ,https://es.wikipedia.org/w/index.php?title=Idioma_eteocretense&oldid=174295509,HTML element #mwqw
ECR-PRAISOS-2-WIKIPEDIA-174295509,ecr,secondary_reference,6,ecr,False,-sanomoselosφraisona ,https://es.wikipedia.org/w/index.php?title=Idioma_eteocretense&oldid=174295509,HTML element #mwrg
ECR-PRAISOS-2-WIKIPEDIA-174295509,ecr,secondary_reference,7,ecr,False,--tsaadoφtena-- ,https://es.wikipedia.org/w/index.php?title=Idioma_eteocretense&oldid=174295509,HTML element #mwsA
ECR-PRAISOS-2-WIKIPEDIA-174295509,ecr,secondary_reference,8,ecr,False,--maprainaireri-- ,https://es.wikipedia.org/w/index.php?title=Idioma_eteocretense&oldid=174295509,HTML element #mwsg
ECR-PRAISOS-2-WIKIPEDIA-174295509,ecr,secondary_reference,9,ecr,False,--ireirereie--- ,https://es.wikipedia.org/w/index.php?title=Idioma_eteocretense&oldid=174295509,HTML element #mwtA
ECR-PRAISOS-2-WIKIPEDIA-174295509,ecr,secondary_reference,10,ecr,False,--nrirano-- ,https://es.wikipedia.org/w/index.php?title=Idioma_eteocretense&oldid=174295509,HTML element #mwtg
ECR-PRAISOS-2-WIKIPEDIA-174295509,ecr,secondary_reference,11,ecr,False,--askes-- ,https://es.wikipedia.org/w/index.php?title=Idioma_eteocretense&oldid=174295509,HTML element #mwuA
ECR-PRAISOS-2-WIKIPEDIA-174295509,ecr,secondary_reference,12,ecr,False,--i-t-- ,https://es.wikipedia.org/w/index.php?title=Idioma_eteocretense&oldid=174295509,HTML element #mwug
ECR-PRAISOS-2-WIKIPEDIA-174295509,ecr,secondary_reference,13,ecr,False,--- ,https://es.wikipedia.org/w/index.php?title=Idioma_eteocretense&oldid=174295509,HTML element #mwvA
ECR-PRAISOS-3-WIKIPEDIA-174295509,ecr,secondary_reference,1,ecr,False,-x-nnumit ,https://es.wikipedia.org/w/index.php?title=Idioma_eteocretense&oldid=174295509,HTML element #mwxw
ECR-PRAISOS-3-WIKIPEDIA-174295509,ecr,secondary_reference,2,ecr,False,--atarkomn,https://es.wikipedia.org/w/index.php?title=Idioma_eteocretense&oldid=174295509,HTML element #mwyQ
ECR-PRAISOS-3-WIKIPEDIA-174295509,ecr,secondary_reference,3,ecr,False,---ēdēsdea ,https://es.wikipedia.org/w/index.php?title=Idioma_eteocretense&oldid=174295509,HTML element #mwyw
ECR-PRAISOS-3-WIKIPEDIA-174295509,ecr,secondary_reference,4,ecr,False,--sōpeirari,https://es.wikipedia.org/w/index.php?title=Idioma_eteocretense&oldid=174295509,HTML element #mwzQ
ECR-PRAISOS-3-WIKIPEDIA-174295509,ecr,secondary_reference,5,ecr,False,--en tasetwseu ,https://es.wikipedia.org/w/index.php?title=Idioma_eteocretense&oldid=174295509,HTML element #mwzw
ECR-PRAISOS-3-WIKIPEDIA-174295509,ecr,secondary_reference,6,ecr,False,--nnasiroukles ,https://es.wikipedia.org/w/index.php?title=Idioma_eteocretense&oldid=174295509,HTML element #mw0Q
ECR-PRAISOS-3-WIKIPEDIA-174295509,ecr,secondary_reference,7,ecr,False,--irermēiamarφ ,https://es.wikipedia.org/w/index.php?title=Idioma_eteocretense&oldid=174295509,HTML element #mw0w
ECR-PRAISOS-3-WIKIPEDIA-174295509,ecr,secondary_reference,8,ecr,False,--eirerφinasdan ,https://es.wikipedia.org/w/index.php?title=Idioma_eteocretense&oldid=174295509,HTML element #mw1Q
ECR-PRAISOS-3-WIKIPEDIA-174295509,ecr,secondary_reference,9,ecr,False,--mamdedikark ,https://es.wikipedia.org/w/index.php?title=Idioma_eteocretense&oldid=174295509,HTML element #mw1w
ECR-PRAISOS-3-WIKIPEDIA-174295509,ecr,secondary_reference,10,ecr,False,--risrairariφ ,https://es.wikipedia.org/w/index.php?title=Idioma_eteocretense&oldid=174295509,HTML element #mw2Q
ECR-PRAISOS-3-WIKIPEDIA-174295509,ecr,secondary_reference,11,ecr,False,---nneikarx ,https://es.wikipedia.org/w/index.php?title=Idioma_eteocretense&oldid=174295509,HTML element #mw2w
ECR-PRAISOS-3-WIKIPEDIA-174295509,ecr,secondary_reference,12,ecr,False,--taridoēi ,https://es.wikipedia.org/w/index.php?title=Idioma_eteocretense&oldid=174295509,HTML element #mw3Q
ECR-PRAISOS-3-WIKIPEDIA-174295509,ecr,secondary_reference,13,ecr,False,--enba ,https://es.wikipedia.org/w/index.php?title=Idioma_eteocretense&oldid=174295509,HTML element #mw3w
ECR-PRAISOS-3-WIKIPEDIA-174295509,ecr,secondary_reference,14,ecr,False,--dnas ,https://es.wikipedia.org/w/index.php?title=Idioma_eteocretense&oldid=174295509,HTML element #mw4Q
ECR-PRAISOS-3-WIKIPEDIA-174295509,ecr,secondary_reference,15,ecr,False,----- ,https://es.wikipedia.org/w/index.php?title=Idioma_eteocretense&oldid=174295509,HTML element #mw4w
ECR-PRAISOS-3-WIKIPEDIA-174295509,ecr,secondary_reference,16,ecr,False,--- ,https://es.wikipedia.org/w/index.php?title=Idioma_eteocretense&oldid=174295509,HTML element #mw5Q
ECR-PRAISOS-4-WIKIPEDIA-174295509,ecr,secondary_reference,1,ecr,False,----uo--,https://es.wikipedia.org/w/index.php?title=Idioma_eteocretense&oldid=174295509,HTML element #mw7A
ECR-PRAISOS-4-WIKIPEDIA-174295509,ecr,secondary_reference,2,ecr,False,---oit||s--,https://es.wikipedia.org/w/index.php?title=Idioma_eteocretense&oldid=174295509,HTML element #mw7g
ECR-PRAISOS-4-WIKIPEDIA-174295509,ecr,secondary_reference,3,ecr,False,--φ|ras|---,https://es.wikipedia.org/w/index.php?title=Idioma_eteocretense&oldid=174295509,HTML element #mw8A
ECR-PRAISOS-4-WIKIPEDIA-174295509,ecr,secondary_reference,4,ecr,False,---is--,https://es.wikipedia.org/w/index.php?title=Idioma_eteocretense&oldid=174295509,HTML element #mw8g
ECR-PRAISOS-5-WIKIPEDIA-174295509,ecr,secondary_reference,1,ecr,False,--artia--,https://es.wikipedia.org/w/index.php?title=Idioma_eteocretense&oldid=174295509,HTML element #mw-A
ECR-PRAISOS-5-WIKIPEDIA-174295509,ecr,secondary_reference,2,ecr,False,--e-at--,https://es.wikipedia.org/w/index.php?title=Idioma_eteocretense&oldid=174295509,HTML element #mw-g
ECR-PRAISOS-5-WIKIPEDIA-174295509,ecr,secondary_reference,3,ecr,False,-----a--,https://es.wikipedia.org/w/index.php?title=Idioma_eteocretense&oldid=174295509,HTML element #mw_A
ECR-PRAISOS-5-WIKIPEDIA-174295509,ecr,secondary_reference,4,ecr,False,--θert---,https://es.wikipedia.org/w/index.php?title=Idioma_eteocretense&oldid=174295509,HTML element #mw_g
ECR-PRAISOS-5-WIKIPEDIA-174295509,ecr,secondary_reference,5,ecr,False, vacat ,https://es.wikipedia.org/w/index.php?title=Idioma_eteocretense&oldid=174295509,HTML element #mwAQA
ECR-PRAISOS-5-WIKIPEDIA-174295509,ecr,secondary_reference,6,ecr,False,--kosa--,https://es.wikipedia.org/w/index.php?title=Idioma_eteocretense&oldid=174295509,HTML element #mwAQM
ECR-PRAISOS-5-WIKIPEDIA-174295509,ecr,secondary_reference,7,ecr,False,--tern--,https://es.wikipedia.org/w/index.php?title=Idioma_eteocretense&oldid=174295509,HTML element #mwAQU
ECR-PRAISOS-5-WIKIPEDIA-174295509,ecr,secondary_reference,8,ecr,False,--komne--,https://es.wikipedia.org/w/index.php?title=Idioma_eteocretense&oldid=174295509,HTML element #mwAQc
ECR-PRAISOS-5-WIKIPEDIA-174295509,ecr,secondary_reference,9,ecr,False,--atate--,https://es.wikipedia.org/w/index.php?title=Idioma_eteocretense&oldid=174295509,HTML element #mwAQk
ECR-PRAISOS-5-WIKIPEDIA-174295509,ecr,secondary_reference,10,ecr,False,--dears--,https://es.wikipedia.org/w/index.php?title=Idioma_eteocretense&oldid=174295509,HTML element #mwAQs
ECR-PRAISOS-5-WIKIPEDIA-174295509,ecr,secondary_reference,11,ecr,False, vacat ,https://es.wikipedia.org/w/index.php?title=Idioma_eteocretense&oldid=174295509,HTML element #mwAQ0
ECR-PRAISOS-6-WIKIPEDIA-174295509,ecr,secondary_reference,1,ecr,False,--ea--,https://es.wikipedia.org/w/index.php?title=Idioma_eteocretense&oldid=174295509,HTML element #mwARQ
ECR-PRAISOS-6-WIKIPEDIA-174295509,ecr,secondary_reference,2,ecr,False,--arr--- ,https://es.wikipedia.org/w/index.php?title=Idioma_eteocretense&oldid=174295509,HTML element #mwARY
ECR-PRAISOS-6-WIKIPEDIA-174295509,ecr,secondary_reference,3,ecr,False, vacat ,https://es.wikipedia.org/w/index.php?title=Idioma_eteocretense&oldid=174295509,HTML element #mwARg
ECR-PRAISOS-1-CONWAY-135,ecr,historical_edition,1–2,ecr,False,. φ . . nkalmitkeos barxe a . . φo,https://archive.org/download/annual-of-the-british-school-at-athens_1901-1902_8/annual-of-the-british-school-at-athens_1901-1902_8.pdf,"printed page 135, reading line 1–2"
ECR-PRAISOS-1-CONWAY-135,ecr,historical_edition,3–4,ecr,False,ark ? agset meumarkrkokles ues,https://archive.org/download/annual-of-the-british-school-at-athens_1901-1902_8/annual-of-the-british-school-at-athens_1901-1902_8.pdf,"printed page 135, reading line 3–4"
ECR-PRAISOS-1-CONWAY-135,ecr,historical_edition,5,ecr,False,. . φasegunanait,https://archive.org/download/annual-of-the-british-school-at-athens_1901-1902_8/annual-of-the-british-school-at-athens_1901-1902_8.pdf,"printed page 135, reading line 5"
ECR-PRAISOS-2-CONWAY-127,ecr,historical_edition,1,ecr,False,onadesiemetepimitsφa,https://archive.org/download/annual-of-the-british-school-at-athens_1901-1902_8/annual-of-the-british-school-at-athens_1901-1902_8.pdf,"printed page 127, reading (i), line 1"
ECR-PRAISOS-2-CONWAY-127,ecr,historical_edition,2,ecr,False,do . . . . alaφraisoi . na .,https://archive.org/download/annual-of-the-british-school-at-athens_1901-1902_8/annual-of-the-british-school-at-athens_1901-1902_8.pdf,"printed page 127, reading (i), line 2"
ECR-PRAISOS-2-CONWAY-127,ecr,historical_edition,3,ecr,False,. est . . . o . . . . doφsano,https://archive.org/download/annual-of-the-british-school-at-athens_1901-1902_8/annual-of-the-british-school-at-athens_1901-1902_8.pdf,"printed page 127, reading (i), line 3"
ECR-PRAISOS-2-CONWAY-127,ecr,historical_edition,4,ecr,False,satois . te . . sia . . un,https://archive.org/download/annual-of-the-british-school-at-athens_1901-1902_8/annual-of-the-british-school-at-athens_1901-1902_8.pdf,"printed page 127, reading (i), line 4"
ECR-PRAISOS-2-CONWAY-127,ecr,historical_edition,5,ecr,False,animestepalungutat,https://archive.org/download/annual-of-the-british-school-at-athens_1901-1902_8/annual-of-the-british-school-at-athens_1901-1902_8.pdf,"printed page 127, reading (i), line 5"
ECR-PRAISOS-2-CONWAY-127,ecr,historical_edition,6,ecr,False,sanomoselosφraison .,https://archive.org/download/annual-of-the-british-school-at-athens_1901-1902_8/annual-of-the-british-school-at-athens_1901-1902_8.pdf,"printed page 127, reading (i), line 6"
ECR-PRAISOS-2-CONWAY-127,ecr,historical_edition,7,ecr,False,tsaadoφten . . . . o,https://archive.org/download/annual-of-the-british-school-at-athens_1901-1902_8/annual-of-the-british-school-at-athens_1901-1902_8.pdf,"printed page 127, reading (i), line 7"
ECR-PRAISOS-2-CONWAY-127,ecr,historical_edition,8,ecr,False,mapraina . . e . .,https://archive.org/download/annual-of-the-british-school-at-athens_1901-1902_8/annual-of-the-british-school-at-athens_1901-1902_8.pdf,"printed page 127, reading (i), line 8"
ECR-PRAISOS-2-CONWAY-127,ecr,historical_edition,9,ecr,False,. . eirereiet,https://archive.org/download/annual-of-the-british-school-at-athens_1901-1902_8/annual-of-the-british-school-at-athens_1901-1902_8.pdf,"printed page 127, reading (i), line 9"
ECR-PRAISOS-2-CONWAY-127,ecr,historical_edition,10,ecr,False,ntiran .,https://archive.org/download/annual-of-the-british-school-at-athens_1901-1902_8/annual-of-the-british-school-at-athens_1901-1902_8.pdf,"printed page 127, reading (i), line 10"
ECR-PRAISOS-2-CONWAY-127,ecr,historical_edition,11,ecr,False,askes .,https://archive.org/download/annual-of-the-british-school-at-athens_1901-1902_8/annual-of-the-british-school-at-athens_1901-1902_8.pdf,"printed page 127, reading (i), line 11"
ECR-PRAISOS-2-CONWAY-127,ecr,historical_edition,12,ecr,False,. . . t .,https://archive.org/download/annual-of-the-british-school-at-athens_1901-1902_8/annual-of-the-british-school-at-athens_1901-1902_8.pdf,"printed page 127, reading (i), line 12"
ECR-PRAISOS-3-CONWAY-117,ecr,historical_edition,1,ecr,False,ΞΟΝΝΥΜΙΤ,https://archive.org/download/annual-of-the-british-school-at-athens_1903-1904_10/annual-of-the-british-school-at-athens_1903-1904_10.pdf,"printed page 117, reading line 1"
ECR-PRAISOS-3-CONWAY-117,ecr,historical_edition,2,ecr,False,ΑΤΑΡΚΟΜΝ,https://archive.org/download/annual-of-the-british-school-at-athens_1903-1904_10/annual-of-the-british-school-at-athens_1903-1904_10.pdf,"printed page 117, reading line 2"
ECR-PRAISOS-3-CONWAY-117,ecr,historical_edition,3,ecr,False,ΡΗΔΗΣΔΕΑ,https://archive.org/download/annual-of-the-british-school-at-athens_1903-1904_10/annual-of-the-british-school-at-athens_1903-1904_10.pdf,"printed page 117, reading line 3"
ECR-PRAISOS-3-CONWAY-117,ecr,historical_edition,4,ecr,False,ΣΩΠΕΙΡΑΡΙ,https://archive.org/download/annual-of-the-british-school-at-athens_1903-1904_10/annual-of-the-british-school-at-athens_1903-1904_10.pdf,"printed page 117, reading line 4"
ECR-PRAISOS-3-CONWAY-117,ecr,historical_edition,5,ecr,False,[trace]ΝΤΑΣ·ΑΤϜΣΕΥ,https://archive.org/download/annual-of-the-british-school-at-athens_1903-1904_10/annual-of-the-british-school-at-athens_1903-1904_10.pdf,"printed page 117, reading line 5"
ECR-PRAISOS-3-CONWAY-117,ecr,historical_edition,6,ecr,False,ΝΝΑΣΙΡΟΥΚΛΕΣ,https://archive.org/download/annual-of-the-british-school-at-athens_1903-1904_10/annual-of-the-british-school-at-athens_1903-1904_10.pdf,"printed page 117, reading line 6"
ECR-PRAISOS-3-CONWAY-117,ecr,historical_edition,7,ecr,False,ΙΡΕΡΜΗ[trace]ΑΜΑΡΦ,https://archive.org/download/annual-of-the-british-school-at-athens_1903-1904_10/annual-of-the-british-school-at-athens_1903-1904_10.pdf,"printed page 117, reading line 7"
ECR-PRAISOS-3-CONWAY-117,ecr,historical_edition,8,ecr,False,ΞΙΡΕΡΦΙΝΣΔΑΝ,https://archive.org/download/annual-of-the-british-school-at-athens_1903-1904_10/annual-of-the-british-school-at-athens_1903-1904_10.pdf,"printed page 117, reading line 8"
ECR-PRAISOS-3-CONWAY-117,ecr,historical_edition,9,ecr,False,ΜΑΜΔΕΔΙΚΑΡΚ,https://archive.org/download/annual-of-the-british-school-at-athens_1903-1904_10/annual-of-the-british-school-at-athens_1903-1904_10.pdf,"printed page 117, reading line 9"
ECR-PRAISOS-3-CONWAY-117,ecr,historical_edition,10,ecr,False,ΡΙΣΡΑΙΡΑΡΙΦ,https://archive.org/download/annual-of-the-british-school-at-athens_1903-1904_10/annual-of-the-british-school-at-athens_1903-1904_10.pdf,"printed page 117, reading line 10"
ECR-PRAISOS-3-CONWAY-117,ecr,historical_edition,11,ecr,False,[trace]Ν·ΝΕΙΚΑΡ·Ξ,https://archive.org/download/annual-of-the-british-school-at-athens_1903-1904_10/annual-of-the-british-school-at-athens_1903-1904_10.pdf,"printed page 117, reading line 11"
ECR-PRAISOS-3-CONWAY-117,ecr,historical_edition,12,ecr,False,ΤΑΡΙΔΟΗΙ,https://archive.org/download/annual-of-the-british-school-at-athens_1903-1904_10/annual-of-the-british-school-at-athens_1903-1904_10.pdf,"printed page 117, reading line 12"
ECR-PRAISOS-3-CONWAY-117,ecr,historical_edition,13,ecr,False,ΕΝΒΑ,https://archive.org/download/annual-of-the-british-school-at-athens_1903-1904_10/annual-of-the-british-school-at-athens_1903-1904_10.pdf,"printed page 117, reading line 13"
ECR-PRAISOS-3-CONWAY-117,ecr,historical_edition,14,ecr,False,ΛΝΑΣ,https://archive.org/download/annual-of-the-british-school-at-athens_1903-1904_10/annual-of-the-british-school-at-athens_1903-1904_10.pdf,"printed page 117, reading line 14"
ECR-PRAISOS-2-CONWAY-127-II,ecr,historical_edition,1,ecr,False,onadesiemetepimitsφa,https://archive.org/download/annual-of-the-british-school-at-athens_1901-1902_8/annual-of-the-british-school-at-athens_1901-1902_8.pdf,"printed page 127, reading (ii), line 1"
ECR-PRAISOS-2-CONWAY-127-II,ecr,historical_edition,2,ecr,False,doφmralaφraisoiinai,https://archive.org/download/annual-of-the-british-school-at-athens_1901-1902_8/annual-of-the-british-school-at-athens_1901-1902_8.pdf,"printed page 127, reading (ii), line 2"
ECR-PRAISOS-2-CONWAY-127-II,ecr,historical_edition,3,ecr,False,rest . . . torsardoφsano,https://archive.org/download/annual-of-the-british-school-at-athens_1901-1902_8/annual-of-the-british-school-at-athens_1901-1902_8.pdf,"printed page 127, reading (ii), line 3"
ECR-PRAISOS-2-CONWAY-127-II,ecr,historical_edition,4,ecr,False,satois steφesiamun,https://archive.org/download/annual-of-the-british-school-at-athens_1901-1902_8/annual-of-the-british-school-at-athens_1901-1902_8.pdf,"printed page 127, reading (ii), line 4"
ECR-PRAISOS-2-CONWAY-127-II,ecr,historical_edition,5,ecr,False,animestepalungutat,https://archive.org/download/annual-of-the-british-school-at-athens_1901-1902_8/annual-of-the-british-school-at-athens_1901-1902_8.pdf,"printed page 127, reading (ii), line 5"
ECR-PRAISOS-2-CONWAY-127-II,ecr,historical_edition,6,ecr,False,sanomoselosφraisona,https://archive.org/download/annual-of-the-british-school-at-athens_1901-1902_8/annual-of-the-british-school-at-athens_1901-1902_8.pdf,"printed page 127, reading (ii), line 6"
ECR-PRAISOS-2-CONWAY-127-II,ecr,historical_edition,7,ecr,False,tsaadoφten . . . . o,https://archive.org/download/annual-of-the-british-school-at-athens_1901-1902_8/annual-of-the-british-school-at-athens_1901-1902_8.pdf,"printed page 127, reading (ii), line 7"
ECR-PRAISOS-2-CONWAY-127-II,ecr,historical_edition,8,ecr,False,maprainairere,https://archive.org/download/annual-of-the-british-school-at-athens_1901-1902_8/annual-of-the-british-school-at-athens_1901-1902_8.pdf,"printed page 127, reading (ii), line 8"
ECR-PRAISOS-2-CONWAY-127-II,ecr,historical_edition,9,ecr,False,ireirereiet,https://archive.org/download/annual-of-the-british-school-at-athens_1901-1902_8/annual-of-the-british-school-at-athens_1901-1902_8.pdf,"printed page 127, reading (ii), line 9"
ECR-PRAISOS-2-CONWAY-127-II,ecr,historical_edition,10,ecr,False,ntiran .,https://archive.org/download/annual-of-the-british-school-at-athens_1901-1902_8/annual-of-the-british-school-at-athens_1901-1902_8.pdf,"printed page 127, reading (ii), line 10"
ECR-PRAISOS-2-CONWAY-127-II,ecr,historical_edition,11,ecr,False,askes .,https://archive.org/download/annual-of-the-british-school-at-athens_1901-1902_8/annual-of-the-british-school-at-athens_1901-1902_8.pdf,"printed page 127, reading (ii), line 11"
ECR-PRAISOS-2-CONWAY-127-II,ecr,historical_edition,12,ecr,False,. . ot .,https://archive.org/download/annual-of-the-british-school-at-athens_1901-1902_8/annual-of-the-british-school-at-athens_1901-1902_8.pdf,"printed page 127, reading (ii), line 12"
